ID,Y_LABEL
TEST_00000,0
TEST_00001,0
TEST_00002,0
TEST_00003,0
TEST_00004,0
TEST_00005,0
TEST_00006,0
TEST_00007,0
TEST_00008,0
TEST_00009,0
TEST_00010,0
TEST_00011,0
TEST_00012,0
TEST_00013,0
TEST_00014,0
TEST_00015,0
TEST_00016,0
TEST_00017,0
TEST_00018,0
TEST_00019,0
TEST_00020,0
TEST_00021,0
TEST_00022,0
TEST_00023,0
TEST_00024,0
TEST_00025,0
TEST_00026,0
TEST_00027,0
TEST_00028,0
TEST_00029,0
TEST_00030,0
TEST_00031,0
TEST_00032,0
TEST_00033,0
TEST_00034,0
TEST_00035,0
TEST_00036,0
TEST_00037,0
TEST_00038,0
TEST_00039,0
TEST_00040,0
TEST_00041,0
TEST_00042,0
TEST_00043,0
TEST_00044,0
TEST_00045,0
TEST_00046,0
TEST_00047,0
TEST_00048,0
TEST_00049,0
TEST_00050,0
TEST_00051,0
TEST_00052,0
TEST_00053,0
TEST_00054,0
TEST_00055,0
TEST_00056,0
TEST_00057,0
TEST_00058,0
TEST_00059,0
TEST_00060,0
TEST_00061,0
TEST_00062,0
TEST_00063,0
TEST_00064,0
TEST_00065,0
TEST_00066,0
TEST_00067,0
TEST_00068,0
TEST_00069,0
TEST_00070,0
TEST_00071,0
TEST_00072,0
TEST_00073,0
TEST_00074,0
TEST_00075,0
TEST_00076,0
TEST_00077,0
TEST_00078,0
TEST_00079,0
TEST_00080,0
TEST_00081,0
TEST_00082,0
TEST_00083,0
TEST_00084,0
TEST_00085,0
TEST_00086,0
TEST_00087,0
TEST_00088,0
TEST_00089,0
TEST_00090,0
TEST_00091,0
TEST_00092,0
TEST_00093,0
TEST_00094,0
TEST_00095,0
TEST_00096,0
TEST_00097,0
TEST_00098,0
TEST_00099,0
TEST_00100,0
TEST_00101,0
TEST_00102,0
TEST_00103,0
TEST_00104,0
TEST_00105,0
TEST_00106,0
TEST_00107,0
TEST_00108,0
TEST_00109,0
TEST_00110,0
TEST_00111,0
TEST_00112,0
TEST_00113,0
TEST_00114,0
TEST_00115,0
TEST_00116,0
TEST_00117,0
TEST_00118,0
TEST_00119,0
TEST_00120,0
TEST_00121,0
TEST_00122,0
TEST_00123,0
TEST_00124,0
TEST_00125,0
TEST_00126,0
TEST_00127,0
TEST_00128,0
TEST_00129,0
TEST_00130,0
TEST_00131,0
TEST_00132,0
TEST_00133,0
TEST_00134,0
TEST_00135,0
TEST_00136,0
TEST_00137,0
TEST_00138,0
TEST_00139,0
TEST_00140,0
TEST_00141,0
TEST_00142,0
TEST_00143,0
TEST_00144,0
TEST_00145,0
TEST_00146,0
TEST_00147,0
TEST_00148,0
TEST_00149,0
TEST_00150,0
TEST_00151,0
TEST_00152,0
TEST_00153,0
TEST_00154,0
TEST_00155,0
TEST_00156,0
TEST_00157,0
TEST_00158,0
TEST_00159,0
TEST_00160,0
TEST_00161,0
TEST_00162,0
TEST_00163,0
TEST_00164,0
TEST_00165,0
TEST_00166,0
TEST_00167,0
TEST_00168,0
TEST_00169,0
TEST_00170,0
TEST_00171,0
TEST_00172,0
TEST_00173,0
TEST_00174,0
TEST_00175,0
TEST_00176,0
TEST_00177,0
TEST_00178,0
TEST_00179,0
TEST_00180,0
TEST_00181,0
TEST_00182,0
TEST_00183,0
TEST_00184,0
TEST_00185,0
TEST_00186,0
TEST_00187,0
TEST_00188,0
TEST_00189,0
TEST_00190,0
TEST_00191,0
TEST_00192,0
TEST_00193,0
TEST_00194,0
TEST_00195,0
TEST_00196,0
TEST_00197,0
TEST_00198,0
TEST_00199,0
TEST_00200,0
TEST_00201,0
TEST_00202,0
TEST_00203,0
TEST_00204,0
TEST_00205,0
TEST_00206,0
TEST_00207,0
TEST_00208,0
TEST_00209,0
TEST_00210,0
TEST_00211,0
TEST_00212,0
TEST_00213,0
TEST_00214,0
TEST_00215,0
TEST_00216,0
TEST_00217,0
TEST_00218,0
TEST_00219,0
TEST_00220,0
TEST_00221,0
TEST_00222,0
TEST_00223,0
TEST_00224,0
TEST_00225,0
TEST_00226,0
TEST_00227,0
TEST_00228,0
TEST_00229,0
TEST_00230,0
TEST_00231,0
TEST_00232,0
TEST_00233,0
TEST_00234,0
TEST_00235,0
TEST_00236,0
TEST_00237,0
TEST_00238,0
TEST_00239,0
TEST_00240,0
TEST_00241,0
TEST_00242,0
TEST_00243,0
TEST_00244,0
TEST_00245,0
TEST_00246,0
TEST_00247,0
TEST_00248,0
TEST_00249,0
TEST_00250,0
TEST_00251,0
TEST_00252,0
TEST_00253,0
TEST_00254,0
TEST_00255,0
TEST_00256,0
TEST_00257,0
TEST_00258,0
TEST_00259,0
TEST_00260,0
TEST_00261,0
TEST_00262,0
TEST_00263,0
TEST_00264,0
TEST_00265,0
TEST_00266,0
TEST_00267,0
TEST_00268,0
TEST_00269,0
TEST_00270,0
TEST_00271,0
TEST_00272,0
TEST_00273,0
TEST_00274,0
TEST_00275,0
TEST_00276,0
TEST_00277,0
TEST_00278,0
TEST_00279,0
TEST_00280,0
TEST_00281,0
TEST_00282,0
TEST_00283,0
TEST_00284,0
TEST_00285,0
TEST_00286,0
TEST_00287,0
TEST_00288,0
TEST_00289,0
TEST_00290,0
TEST_00291,0
TEST_00292,0
TEST_00293,0
TEST_00294,0
TEST_00295,0
TEST_00296,0
TEST_00297,0
TEST_00298,0
TEST_00299,0
TEST_00300,0
TEST_00301,0
TEST_00302,0
TEST_00303,0
TEST_00304,0
TEST_00305,0
TEST_00306,0
TEST_00307,0
TEST_00308,0
TEST_00309,0
TEST_00310,0
TEST_00311,0
TEST_00312,0
TEST_00313,0
TEST_00314,0
TEST_00315,0
TEST_00316,0
TEST_00317,0
TEST_00318,0
TEST_00319,0
TEST_00320,0
TEST_00321,0
TEST_00322,0
TEST_00323,0
TEST_00324,0
TEST_00325,0
TEST_00326,0
TEST_00327,0
TEST_00328,0
TEST_00329,0
TEST_00330,0
TEST_00331,0
TEST_00332,0
TEST_00333,0
TEST_00334,0
TEST_00335,0
TEST_00336,0
TEST_00337,0
TEST_00338,0
TEST_00339,0
TEST_00340,0
TEST_00341,0
TEST_00342,0
TEST_00343,0
TEST_00344,0
TEST_00345,0
TEST_00346,0
TEST_00347,0
TEST_00348,0
TEST_00349,0
TEST_00350,0
TEST_00351,0
TEST_00352,0
TEST_00353,0
TEST_00354,0
TEST_00355,0
TEST_00356,0
TEST_00357,0
TEST_00358,0
TEST_00359,0
TEST_00360,0
TEST_00361,0
TEST_00362,0
TEST_00363,0
TEST_00364,0
TEST_00365,0
TEST_00366,0
TEST_00367,0
TEST_00368,0
TEST_00369,0
TEST_00370,0
TEST_00371,0
TEST_00372,0
TEST_00373,0
TEST_00374,0
TEST_00375,0
TEST_00376,0
TEST_00377,0
TEST_00378,0
TEST_00379,0
TEST_00380,0
TEST_00381,0
TEST_00382,0
TEST_00383,0
TEST_00384,0
TEST_00385,0
TEST_00386,0
TEST_00387,0
TEST_00388,0
TEST_00389,0
TEST_00390,0
TEST_00391,0
TEST_00392,0
TEST_00393,0
TEST_00394,0
TEST_00395,0
TEST_00396,0
TEST_00397,0
TEST_00398,0
TEST_00399,0
TEST_00400,0
TEST_00401,0
TEST_00402,0
TEST_00403,0
TEST_00404,0
TEST_00405,0
TEST_00406,0
TEST_00407,0
TEST_00408,0
TEST_00409,0
TEST_00410,0
TEST_00411,0
TEST_00412,0
TEST_00413,0
TEST_00414,0
TEST_00415,0
TEST_00416,0
TEST_00417,0
TEST_00418,0
TEST_00419,0
TEST_00420,0
TEST_00421,0
TEST_00422,0
TEST_00423,0
TEST_00424,0
TEST_00425,0
TEST_00426,0
TEST_00427,0
TEST_00428,0
TEST_00429,0
TEST_00430,0
TEST_00431,0
TEST_00432,0
TEST_00433,0
TEST_00434,0
TEST_00435,0
TEST_00436,0
TEST_00437,0
TEST_00438,0
TEST_00439,0
TEST_00440,0
TEST_00441,0
TEST_00442,0
TEST_00443,0
TEST_00444,0
TEST_00445,0
TEST_00446,0
TEST_00447,0
TEST_00448,0
TEST_00449,0
TEST_00450,0
TEST_00451,0
TEST_00452,0
TEST_00453,0
TEST_00454,0
TEST_00455,0
TEST_00456,0
TEST_00457,0
TEST_00458,0
TEST_00459,0
TEST_00460,0
TEST_00461,0
TEST_00462,0
TEST_00463,0
TEST_00464,0
TEST_00465,0
TEST_00466,0
TEST_00467,0
TEST_00468,0
TEST_00469,0
TEST_00470,0
TEST_00471,0
TEST_00472,0
TEST_00473,0
TEST_00474,0
TEST_00475,0
TEST_00476,0
TEST_00477,0
TEST_00478,0
TEST_00479,0
TEST_00480,0
TEST_00481,0
TEST_00482,0
TEST_00483,0
TEST_00484,0
TEST_00485,0
TEST_00486,0
TEST_00487,0
TEST_00488,0
TEST_00489,0
TEST_00490,0
TEST_00491,0
TEST_00492,0
TEST_00493,0
TEST_00494,0
TEST_00495,0
TEST_00496,0
TEST_00497,0
TEST_00498,0
TEST_00499,0
TEST_00500,0
TEST_00501,0
TEST_00502,0
TEST_00503,0
TEST_00504,0
TEST_00505,0
TEST_00506,0
TEST_00507,0
TEST_00508,0
TEST_00509,0
TEST_00510,0
TEST_00511,0
TEST_00512,0
TEST_00513,0
TEST_00514,0
TEST_00515,0
TEST_00516,0
TEST_00517,0
TEST_00518,0
TEST_00519,0
TEST_00520,0
TEST_00521,0
TEST_00522,0
TEST_00523,0
TEST_00524,0
TEST_00525,0
TEST_00526,0
TEST_00527,0
TEST_00528,0
TEST_00529,0
TEST_00530,0
TEST_00531,0
TEST_00532,0
TEST_00533,0
TEST_00534,0
TEST_00535,0
TEST_00536,0
TEST_00537,0
TEST_00538,0
TEST_00539,0
TEST_00540,0
TEST_00541,0
TEST_00542,0
TEST_00543,0
TEST_00544,0
TEST_00545,0
TEST_00546,0
TEST_00547,0
TEST_00548,0
TEST_00549,0
TEST_00550,0
TEST_00551,0
TEST_00552,0
TEST_00553,0
TEST_00554,0
TEST_00555,0
TEST_00556,0
TEST_00557,0
TEST_00558,0
TEST_00559,0
TEST_00560,0
TEST_00561,0
TEST_00562,0
TEST_00563,0
TEST_00564,0
TEST_00565,0
TEST_00566,0
TEST_00567,0
TEST_00568,0
TEST_00569,0
TEST_00570,0
TEST_00571,0
TEST_00572,0
TEST_00573,0
TEST_00574,0
TEST_00575,0
TEST_00576,0
TEST_00577,0
TEST_00578,0
TEST_00579,0
TEST_00580,0
TEST_00581,0
TEST_00582,0
TEST_00583,0
TEST_00584,0
TEST_00585,0
TEST_00586,0
TEST_00587,0
TEST_00588,0
TEST_00589,0
TEST_00590,0
TEST_00591,0
TEST_00592,0
TEST_00593,0
TEST_00594,0
TEST_00595,0
TEST_00596,0
TEST_00597,0
TEST_00598,0
TEST_00599,0
TEST_00600,0
TEST_00601,0
TEST_00602,0
TEST_00603,0
TEST_00604,0
TEST_00605,0
TEST_00606,0
TEST_00607,0
TEST_00608,0
TEST_00609,0
TEST_00610,0
TEST_00611,0
TEST_00612,0
TEST_00613,0
TEST_00614,0
TEST_00615,0
TEST_00616,0
TEST_00617,0
TEST_00618,0
TEST_00619,0
TEST_00620,0
TEST_00621,0
TEST_00622,0
TEST_00623,0
TEST_00624,0
TEST_00625,0
TEST_00626,0
TEST_00627,0
TEST_00628,0
TEST_00629,0
TEST_00630,0
TEST_00631,0
TEST_00632,0
TEST_00633,0
TEST_00634,0
TEST_00635,0
TEST_00636,0
TEST_00637,0
TEST_00638,0
TEST_00639,0
TEST_00640,0
TEST_00641,0
TEST_00642,0
TEST_00643,0
TEST_00644,0
TEST_00645,0
TEST_00646,0
TEST_00647,0
TEST_00648,0
TEST_00649,0
TEST_00650,0
TEST_00651,0
TEST_00652,0
TEST_00653,0
TEST_00654,0
TEST_00655,0
TEST_00656,0
TEST_00657,0
TEST_00658,0
TEST_00659,0
TEST_00660,0
TEST_00661,0
TEST_00662,0
TEST_00663,0
TEST_00664,0
TEST_00665,0
TEST_00666,0
TEST_00667,0
TEST_00668,0
TEST_00669,0
TEST_00670,0
TEST_00671,0
TEST_00672,0
TEST_00673,0
TEST_00674,0
TEST_00675,0
TEST_00676,0
TEST_00677,0
TEST_00678,0
TEST_00679,0
TEST_00680,0
TEST_00681,0
TEST_00682,0
TEST_00683,0
TEST_00684,0
TEST_00685,0
TEST_00686,0
TEST_00687,0
TEST_00688,0
TEST_00689,0
TEST_00690,0
TEST_00691,0
TEST_00692,0
TEST_00693,0
TEST_00694,0
TEST_00695,0
TEST_00696,0
TEST_00697,0
TEST_00698,0
TEST_00699,0
TEST_00700,0
TEST_00701,0
TEST_00702,0
TEST_00703,0
TEST_00704,0
TEST_00705,0
TEST_00706,0
TEST_00707,0
TEST_00708,0
TEST_00709,0
TEST_00710,0
TEST_00711,0
TEST_00712,0
TEST_00713,0
TEST_00714,0
TEST_00715,0
TEST_00716,0
TEST_00717,0
TEST_00718,0
TEST_00719,0
TEST_00720,0
TEST_00721,0
TEST_00722,0
TEST_00723,0
TEST_00724,0
TEST_00725,0
TEST_00726,0
TEST_00727,0
TEST_00728,0
TEST_00729,0
TEST_00730,0
TEST_00731,0
TEST_00732,0
TEST_00733,0
TEST_00734,0
TEST_00735,0
TEST_00736,0
TEST_00737,0
TEST_00738,0
TEST_00739,0
TEST_00740,0
TEST_00741,0
TEST_00742,0
TEST_00743,0
TEST_00744,0
TEST_00745,0
TEST_00746,0
TEST_00747,0
TEST_00748,0
TEST_00749,0
TEST_00750,0
TEST_00751,0
TEST_00752,0
TEST_00753,0
TEST_00754,0
TEST_00755,0
TEST_00756,0
TEST_00757,0
TEST_00758,0
TEST_00759,0
TEST_00760,0
TEST_00761,0
TEST_00762,0
TEST_00763,0
TEST_00764,0
TEST_00765,0
TEST_00766,0
TEST_00767,0
TEST_00768,0
TEST_00769,0
TEST_00770,0
TEST_00771,0
TEST_00772,0
TEST_00773,0
TEST_00774,0
TEST_00775,0
TEST_00776,0
TEST_00777,0
TEST_00778,0
TEST_00779,0
TEST_00780,0
TEST_00781,0
TEST_00782,0
TEST_00783,0
TEST_00784,0
TEST_00785,0
TEST_00786,0
TEST_00787,0
TEST_00788,0
TEST_00789,0
TEST_00790,0
TEST_00791,0
TEST_00792,0
TEST_00793,0
TEST_00794,0
TEST_00795,0
TEST_00796,0
TEST_00797,0
TEST_00798,0
TEST_00799,0
TEST_00800,0
TEST_00801,0
TEST_00802,0
TEST_00803,0
TEST_00804,0
TEST_00805,0
TEST_00806,0
TEST_00807,0
TEST_00808,0
TEST_00809,0
TEST_00810,0
TEST_00811,0
TEST_00812,0
TEST_00813,0
TEST_00814,0
TEST_00815,0
TEST_00816,0
TEST_00817,0
TEST_00818,0
TEST_00819,0
TEST_00820,0
TEST_00821,0
TEST_00822,0
TEST_00823,0
TEST_00824,0
TEST_00825,0
TEST_00826,0
TEST_00827,0
TEST_00828,0
TEST_00829,0
TEST_00830,0
TEST_00831,0
TEST_00832,0
TEST_00833,0
TEST_00834,0
TEST_00835,0
TEST_00836,0
TEST_00837,0
TEST_00838,0
TEST_00839,0
TEST_00840,0
TEST_00841,0
TEST_00842,0
TEST_00843,0
TEST_00844,0
TEST_00845,0
TEST_00846,0
TEST_00847,0
TEST_00848,0
TEST_00849,0
TEST_00850,0
TEST_00851,0
TEST_00852,0
TEST_00853,0
TEST_00854,0
TEST_00855,0
TEST_00856,0
TEST_00857,0
TEST_00858,0
TEST_00859,0
TEST_00860,0
TEST_00861,0
TEST_00862,0
TEST_00863,0
TEST_00864,0
TEST_00865,0
TEST_00866,0
TEST_00867,0
TEST_00868,0
TEST_00869,0
TEST_00870,0
TEST_00871,0
TEST_00872,0
TEST_00873,0
TEST_00874,0
TEST_00875,0
TEST_00876,0
TEST_00877,0
TEST_00878,0
TEST_00879,0
TEST_00880,0
TEST_00881,0
TEST_00882,0
TEST_00883,0
TEST_00884,0
TEST_00885,0
TEST_00886,0
TEST_00887,0
TEST_00888,0
TEST_00889,0
TEST_00890,0
TEST_00891,0
TEST_00892,0
TEST_00893,0
TEST_00894,0
TEST_00895,0
TEST_00896,0
TEST_00897,0
TEST_00898,0
TEST_00899,0
TEST_00900,0
TEST_00901,0
TEST_00902,0
TEST_00903,0
TEST_00904,0
TEST_00905,0
TEST_00906,0
TEST_00907,0
TEST_00908,0
TEST_00909,0
TEST_00910,0
TEST_00911,0
TEST_00912,0
TEST_00913,0
TEST_00914,0
TEST_00915,0
TEST_00916,0
TEST_00917,0
TEST_00918,0
TEST_00919,0
TEST_00920,0
TEST_00921,0
TEST_00922,0
TEST_00923,0
TEST_00924,0
TEST_00925,0
TEST_00926,0
TEST_00927,0
TEST_00928,0
TEST_00929,0
TEST_00930,0
TEST_00931,0
TEST_00932,0
TEST_00933,0
TEST_00934,0
TEST_00935,0
TEST_00936,0
TEST_00937,0
TEST_00938,0
TEST_00939,0
TEST_00940,0
TEST_00941,0
TEST_00942,0
TEST_00943,0
TEST_00944,0
TEST_00945,0
TEST_00946,0
TEST_00947,0
TEST_00948,0
TEST_00949,0
TEST_00950,0
TEST_00951,0
TEST_00952,0
TEST_00953,0
TEST_00954,0
TEST_00955,0
TEST_00956,0
TEST_00957,0
TEST_00958,0
TEST_00959,0
TEST_00960,0
TEST_00961,0
TEST_00962,0
TEST_00963,0
TEST_00964,0
TEST_00965,0
TEST_00966,0
TEST_00967,0
TEST_00968,0
TEST_00969,0
TEST_00970,0
TEST_00971,0
TEST_00972,0
TEST_00973,0
TEST_00974,0
TEST_00975,0
TEST_00976,0
TEST_00977,0
TEST_00978,0
TEST_00979,0
TEST_00980,0
TEST_00981,0
TEST_00982,0
TEST_00983,0
TEST_00984,0
TEST_00985,0
TEST_00986,0
TEST_00987,0
TEST_00988,0
TEST_00989,0
TEST_00990,0
TEST_00991,0
TEST_00992,0
TEST_00993,0
TEST_00994,0
TEST_00995,0
TEST_00996,0
TEST_00997,0
TEST_00998,0
TEST_00999,0
TEST_01000,0
TEST_01001,0
TEST_01002,0
TEST_01003,0
TEST_01004,0
TEST_01005,0
TEST_01006,0
TEST_01007,0
TEST_01008,0
TEST_01009,0
TEST_01010,0
TEST_01011,0
TEST_01012,0
TEST_01013,0
TEST_01014,0
TEST_01015,0
TEST_01016,0
TEST_01017,0
TEST_01018,0
TEST_01019,0
TEST_01020,0
TEST_01021,0
TEST_01022,0
TEST_01023,0
TEST_01024,0
TEST_01025,0
TEST_01026,0
TEST_01027,0
TEST_01028,0
TEST_01029,0
TEST_01030,0
TEST_01031,0
TEST_01032,0
TEST_01033,0
TEST_01034,0
TEST_01035,0
TEST_01036,0
TEST_01037,0
TEST_01038,0
TEST_01039,0
TEST_01040,0
TEST_01041,0
TEST_01042,0
TEST_01043,0
TEST_01044,0
TEST_01045,0
TEST_01046,0
TEST_01047,0
TEST_01048,0
TEST_01049,0
TEST_01050,0
TEST_01051,0
TEST_01052,0
TEST_01053,0
TEST_01054,0
TEST_01055,0
TEST_01056,0
TEST_01057,0
TEST_01058,0
TEST_01059,0
TEST_01060,0
TEST_01061,0
TEST_01062,0
TEST_01063,0
TEST_01064,0
TEST_01065,0
TEST_01066,0
TEST_01067,0
TEST_01068,0
TEST_01069,0
TEST_01070,0
TEST_01071,0
TEST_01072,0
TEST_01073,0
TEST_01074,0
TEST_01075,0
TEST_01076,0
TEST_01077,0
TEST_01078,0
TEST_01079,0
TEST_01080,0
TEST_01081,0
TEST_01082,0
TEST_01083,0
TEST_01084,0
TEST_01085,0
TEST_01086,0
TEST_01087,0
TEST_01088,0
TEST_01089,0
TEST_01090,0
TEST_01091,0
TEST_01092,0
TEST_01093,0
TEST_01094,0
TEST_01095,0
TEST_01096,0
TEST_01097,0
TEST_01098,0
TEST_01099,0
TEST_01100,0
TEST_01101,0
TEST_01102,0
TEST_01103,0
TEST_01104,0
TEST_01105,0
TEST_01106,0
TEST_01107,0
TEST_01108,0
TEST_01109,0
TEST_01110,0
TEST_01111,0
TEST_01112,0
TEST_01113,0
TEST_01114,0
TEST_01115,0
TEST_01116,0
TEST_01117,0
TEST_01118,0
TEST_01119,0
TEST_01120,0
TEST_01121,0
TEST_01122,0
TEST_01123,0
TEST_01124,0
TEST_01125,0
TEST_01126,0
TEST_01127,0
TEST_01128,0
TEST_01129,0
TEST_01130,0
TEST_01131,0
TEST_01132,0
TEST_01133,0
TEST_01134,0
TEST_01135,0
TEST_01136,0
TEST_01137,0
TEST_01138,0
TEST_01139,0
TEST_01140,0
TEST_01141,0
TEST_01142,0
TEST_01143,0
TEST_01144,0
TEST_01145,0
TEST_01146,0
TEST_01147,0
TEST_01148,0
TEST_01149,0
TEST_01150,0
TEST_01151,0
TEST_01152,0
TEST_01153,0
TEST_01154,0
TEST_01155,0
TEST_01156,0
TEST_01157,0
TEST_01158,0
TEST_01159,0
TEST_01160,0
TEST_01161,0
TEST_01162,0
TEST_01163,0
TEST_01164,0
TEST_01165,0
TEST_01166,0
TEST_01167,0
TEST_01168,0
TEST_01169,0
TEST_01170,0
TEST_01171,0
TEST_01172,0
TEST_01173,0
TEST_01174,0
TEST_01175,0
TEST_01176,0
TEST_01177,0
TEST_01178,0
TEST_01179,0
TEST_01180,0
TEST_01181,0
TEST_01182,0
TEST_01183,0
TEST_01184,0
TEST_01185,0
TEST_01186,0
TEST_01187,0
TEST_01188,0
TEST_01189,0
TEST_01190,0
TEST_01191,0
TEST_01192,0
TEST_01193,0
TEST_01194,0
TEST_01195,0
TEST_01196,0
TEST_01197,0
TEST_01198,0
TEST_01199,0
TEST_01200,0
TEST_01201,0
TEST_01202,0
TEST_01203,0
TEST_01204,0
TEST_01205,0
TEST_01206,0
TEST_01207,0
TEST_01208,0
TEST_01209,0
TEST_01210,0
TEST_01211,0
TEST_01212,0
TEST_01213,0
TEST_01214,0
TEST_01215,0
TEST_01216,0
TEST_01217,0
TEST_01218,0
TEST_01219,0
TEST_01220,0
TEST_01221,0
TEST_01222,0
TEST_01223,0
TEST_01224,0
TEST_01225,0
TEST_01226,0
TEST_01227,0
TEST_01228,0
TEST_01229,0
TEST_01230,0
TEST_01231,0
TEST_01232,0
TEST_01233,0
TEST_01234,0
TEST_01235,0
TEST_01236,0
TEST_01237,0
TEST_01238,0
TEST_01239,0
TEST_01240,0
TEST_01241,0
TEST_01242,0
TEST_01243,0
TEST_01244,0
TEST_01245,0
TEST_01246,0
TEST_01247,0
TEST_01248,0
TEST_01249,0
TEST_01250,0
TEST_01251,0
TEST_01252,0
TEST_01253,0
TEST_01254,0
TEST_01255,0
TEST_01256,0
TEST_01257,0
TEST_01258,0
TEST_01259,0
TEST_01260,0
TEST_01261,0
TEST_01262,0
TEST_01263,0
TEST_01264,0
TEST_01265,0
TEST_01266,0
TEST_01267,0
TEST_01268,0
TEST_01269,0
TEST_01270,0
TEST_01271,0
TEST_01272,0
TEST_01273,0
TEST_01274,0
TEST_01275,0
TEST_01276,0
TEST_01277,0
TEST_01278,0
TEST_01279,0
TEST_01280,0
TEST_01281,0
TEST_01282,0
TEST_01283,0
TEST_01284,0
TEST_01285,0
TEST_01286,0
TEST_01287,0
TEST_01288,0
TEST_01289,0
TEST_01290,0
TEST_01291,0
TEST_01292,0
TEST_01293,0
TEST_01294,0
TEST_01295,0
TEST_01296,0
TEST_01297,0
TEST_01298,0
TEST_01299,0
TEST_01300,0
TEST_01301,0
TEST_01302,0
TEST_01303,0
TEST_01304,0
TEST_01305,0
TEST_01306,0
TEST_01307,0
TEST_01308,0
TEST_01309,0
TEST_01310,0
TEST_01311,0
TEST_01312,0
TEST_01313,0
TEST_01314,0
TEST_01315,0
TEST_01316,0
TEST_01317,0
TEST_01318,0
TEST_01319,0
TEST_01320,0
TEST_01321,0
TEST_01322,0
TEST_01323,0
TEST_01324,0
TEST_01325,0
TEST_01326,0
TEST_01327,0
TEST_01328,0
TEST_01329,0
TEST_01330,0
TEST_01331,0
TEST_01332,0
TEST_01333,0
TEST_01334,0
TEST_01335,0
TEST_01336,0
TEST_01337,0
TEST_01338,0
TEST_01339,0
TEST_01340,0
TEST_01341,0
TEST_01342,0
TEST_01343,0
TEST_01344,0
TEST_01345,0
TEST_01346,0
TEST_01347,0
TEST_01348,0
TEST_01349,0
TEST_01350,0
TEST_01351,0
TEST_01352,0
TEST_01353,0
TEST_01354,0
TEST_01355,0
TEST_01356,0
TEST_01357,0
TEST_01358,0
TEST_01359,0
TEST_01360,0
TEST_01361,0
TEST_01362,0
TEST_01363,0
TEST_01364,0
TEST_01365,0
TEST_01366,0
TEST_01367,0
TEST_01368,0
TEST_01369,0
TEST_01370,0
TEST_01371,0
TEST_01372,0
TEST_01373,0
TEST_01374,0
TEST_01375,0
TEST_01376,0
TEST_01377,0
TEST_01378,0
TEST_01379,0
TEST_01380,0
TEST_01381,0
TEST_01382,0
TEST_01383,0
TEST_01384,0
TEST_01385,0
TEST_01386,0
TEST_01387,0
TEST_01388,0
TEST_01389,0
TEST_01390,0
TEST_01391,0
TEST_01392,0
TEST_01393,0
TEST_01394,0
TEST_01395,0
TEST_01396,0
TEST_01397,0
TEST_01398,0
TEST_01399,0
TEST_01400,0
TEST_01401,0
TEST_01402,0
TEST_01403,0
TEST_01404,0
TEST_01405,0
TEST_01406,0
TEST_01407,0
TEST_01408,0
TEST_01409,0
TEST_01410,0
TEST_01411,0
TEST_01412,0
TEST_01413,0
TEST_01414,0
TEST_01415,0
TEST_01416,0
TEST_01417,0
TEST_01418,0
TEST_01419,0
TEST_01420,0
TEST_01421,0
TEST_01422,0
TEST_01423,0
TEST_01424,0
TEST_01425,0
TEST_01426,0
TEST_01427,0
TEST_01428,0
TEST_01429,0
TEST_01430,0
TEST_01431,0
TEST_01432,0
TEST_01433,0
TEST_01434,0
TEST_01435,0
TEST_01436,0
TEST_01437,0
TEST_01438,0
TEST_01439,0
TEST_01440,0
TEST_01441,0
TEST_01442,0
TEST_01443,0
TEST_01444,0
TEST_01445,0
TEST_01446,0
TEST_01447,0
TEST_01448,0
TEST_01449,0
TEST_01450,0
TEST_01451,0
TEST_01452,0
TEST_01453,0
TEST_01454,0
TEST_01455,0
TEST_01456,0
TEST_01457,0
TEST_01458,0
TEST_01459,0
TEST_01460,0
TEST_01461,0
TEST_01462,0
TEST_01463,0
TEST_01464,0
TEST_01465,0
TEST_01466,0
TEST_01467,0
TEST_01468,0
TEST_01469,0
TEST_01470,0
TEST_01471,0
TEST_01472,0
TEST_01473,0
TEST_01474,0
TEST_01475,0
TEST_01476,0
TEST_01477,0
TEST_01478,0
TEST_01479,0
TEST_01480,0
TEST_01481,0
TEST_01482,0
TEST_01483,0
TEST_01484,0
TEST_01485,0
TEST_01486,0
TEST_01487,0
TEST_01488,0
TEST_01489,0
TEST_01490,0
TEST_01491,0
TEST_01492,0
TEST_01493,0
TEST_01494,0
TEST_01495,0
TEST_01496,0
TEST_01497,0
TEST_01498,0
TEST_01499,0
TEST_01500,0
TEST_01501,0
TEST_01502,0
TEST_01503,0
TEST_01504,0
TEST_01505,0
TEST_01506,0
TEST_01507,0
TEST_01508,0
TEST_01509,0
TEST_01510,0
TEST_01511,0
TEST_01512,0
TEST_01513,0
TEST_01514,0
TEST_01515,0
TEST_01516,0
TEST_01517,0
TEST_01518,0
TEST_01519,0
TEST_01520,0
TEST_01521,0
TEST_01522,0
TEST_01523,0
TEST_01524,0
TEST_01525,0
TEST_01526,0
TEST_01527,0
TEST_01528,0
TEST_01529,0
TEST_01530,0
TEST_01531,0
TEST_01532,0
TEST_01533,0
TEST_01534,0
TEST_01535,0
TEST_01536,0
TEST_01537,0
TEST_01538,0
TEST_01539,0
TEST_01540,0
TEST_01541,0
TEST_01542,0
TEST_01543,0
TEST_01544,0
TEST_01545,0
TEST_01546,0
TEST_01547,0
TEST_01548,0
TEST_01549,0
TEST_01550,0
TEST_01551,0
TEST_01552,0
TEST_01553,0
TEST_01554,0
TEST_01555,0
TEST_01556,0
TEST_01557,0
TEST_01558,0
TEST_01559,0
TEST_01560,0
TEST_01561,0
TEST_01562,0
TEST_01563,0
TEST_01564,0
TEST_01565,0
TEST_01566,0
TEST_01567,0
TEST_01568,0
TEST_01569,0
TEST_01570,0
TEST_01571,0
TEST_01572,0
TEST_01573,0
TEST_01574,0
TEST_01575,0
TEST_01576,0
TEST_01577,0
TEST_01578,0
TEST_01579,0
TEST_01580,0
TEST_01581,0
TEST_01582,0
TEST_01583,0
TEST_01584,0
TEST_01585,0
TEST_01586,0
TEST_01587,0
TEST_01588,0
TEST_01589,0
TEST_01590,0
TEST_01591,0
TEST_01592,0
TEST_01593,0
TEST_01594,0
TEST_01595,0
TEST_01596,0
TEST_01597,0
TEST_01598,0
TEST_01599,0
TEST_01600,0
TEST_01601,0
TEST_01602,0
TEST_01603,0
TEST_01604,0
TEST_01605,0
TEST_01606,0
TEST_01607,0
TEST_01608,0
TEST_01609,0
TEST_01610,0
TEST_01611,0
TEST_01612,0
TEST_01613,0
TEST_01614,0
TEST_01615,0
TEST_01616,0
TEST_01617,0
TEST_01618,0
TEST_01619,0
TEST_01620,0
TEST_01621,0
TEST_01622,0
TEST_01623,0
TEST_01624,0
TEST_01625,0
TEST_01626,0
TEST_01627,0
TEST_01628,0
TEST_01629,0
TEST_01630,0
TEST_01631,0
TEST_01632,0
TEST_01633,0
TEST_01634,0
TEST_01635,0
TEST_01636,0
TEST_01637,0
TEST_01638,0
TEST_01639,0
TEST_01640,0
TEST_01641,0
TEST_01642,0
TEST_01643,0
TEST_01644,0
TEST_01645,0
TEST_01646,0
TEST_01647,0
TEST_01648,0
TEST_01649,0
TEST_01650,0
TEST_01651,0
TEST_01652,0
TEST_01653,0
TEST_01654,0
TEST_01655,0
TEST_01656,0
TEST_01657,0
TEST_01658,0
TEST_01659,0
TEST_01660,0
TEST_01661,0
TEST_01662,0
TEST_01663,0
TEST_01664,0
TEST_01665,0
TEST_01666,0
TEST_01667,0
TEST_01668,0
TEST_01669,0
TEST_01670,0
TEST_01671,0
TEST_01672,0
TEST_01673,0
TEST_01674,0
TEST_01675,0
TEST_01676,0
TEST_01677,0
TEST_01678,0
TEST_01679,0
TEST_01680,0
TEST_01681,0
TEST_01682,0
TEST_01683,0
TEST_01684,0
TEST_01685,0
TEST_01686,0
TEST_01687,0
TEST_01688,0
TEST_01689,0
TEST_01690,0
TEST_01691,0
TEST_01692,0
TEST_01693,0
TEST_01694,0
TEST_01695,0
TEST_01696,0
TEST_01697,0
TEST_01698,0
TEST_01699,0
TEST_01700,0
TEST_01701,0
TEST_01702,0
TEST_01703,0
TEST_01704,0
TEST_01705,0
TEST_01706,0
TEST_01707,0
TEST_01708,0
TEST_01709,0
TEST_01710,0
TEST_01711,0
TEST_01712,0
TEST_01713,0
TEST_01714,0
TEST_01715,0
TEST_01716,0
TEST_01717,0
TEST_01718,0
TEST_01719,0
TEST_01720,0
TEST_01721,0
TEST_01722,0
TEST_01723,0
TEST_01724,0
TEST_01725,0
TEST_01726,0
TEST_01727,0
TEST_01728,0
TEST_01729,0
TEST_01730,0
TEST_01731,0
TEST_01732,0
TEST_01733,0
TEST_01734,0
TEST_01735,0
TEST_01736,0
TEST_01737,0
TEST_01738,0
TEST_01739,0
TEST_01740,0
TEST_01741,0
TEST_01742,0
TEST_01743,0
TEST_01744,0
TEST_01745,0
TEST_01746,0
TEST_01747,0
TEST_01748,0
TEST_01749,0
TEST_01750,0
TEST_01751,0
TEST_01752,0
TEST_01753,0
TEST_01754,0
TEST_01755,0
TEST_01756,0
TEST_01757,0
TEST_01758,0
TEST_01759,0
TEST_01760,0
TEST_01761,0
TEST_01762,0
TEST_01763,0
TEST_01764,0
TEST_01765,0
TEST_01766,0
TEST_01767,0
TEST_01768,0
TEST_01769,0
TEST_01770,0
TEST_01771,0
TEST_01772,0
TEST_01773,0
TEST_01774,0
TEST_01775,0
TEST_01776,0
TEST_01777,0
TEST_01778,0
TEST_01779,0
TEST_01780,0
TEST_01781,0
TEST_01782,0
TEST_01783,0
TEST_01784,0
TEST_01785,0
TEST_01786,0
TEST_01787,0
TEST_01788,0
TEST_01789,0
TEST_01790,0
TEST_01791,0
TEST_01792,0
TEST_01793,0
TEST_01794,0
TEST_01795,0
TEST_01796,0
TEST_01797,0
TEST_01798,0
TEST_01799,0
TEST_01800,0
TEST_01801,0
TEST_01802,0
TEST_01803,0
TEST_01804,0
TEST_01805,0
TEST_01806,0
TEST_01807,0
TEST_01808,0
TEST_01809,0
TEST_01810,0
TEST_01811,0
TEST_01812,0
TEST_01813,0
TEST_01814,0
TEST_01815,0
TEST_01816,0
TEST_01817,0
TEST_01818,0
TEST_01819,0
TEST_01820,0
TEST_01821,0
TEST_01822,0
TEST_01823,0
TEST_01824,0
TEST_01825,0
TEST_01826,0
TEST_01827,0
TEST_01828,0
TEST_01829,0
TEST_01830,0
TEST_01831,0
TEST_01832,0
TEST_01833,0
TEST_01834,0
TEST_01835,0
TEST_01836,0
TEST_01837,0
TEST_01838,0
TEST_01839,0
TEST_01840,0
TEST_01841,0
TEST_01842,0
TEST_01843,0
TEST_01844,0
TEST_01845,0
TEST_01846,0
TEST_01847,0
TEST_01848,0
TEST_01849,0
TEST_01850,0
TEST_01851,0
TEST_01852,0
TEST_01853,0
TEST_01854,0
TEST_01855,0
TEST_01856,0
TEST_01857,0
TEST_01858,0
TEST_01859,0
TEST_01860,0
TEST_01861,0
TEST_01862,0
TEST_01863,0
TEST_01864,0
TEST_01865,0
TEST_01866,0
TEST_01867,0
TEST_01868,0
TEST_01869,0
TEST_01870,0
TEST_01871,0
TEST_01872,0
TEST_01873,0
TEST_01874,0
TEST_01875,0
TEST_01876,0
TEST_01877,0
TEST_01878,0
TEST_01879,0
TEST_01880,0
TEST_01881,0
TEST_01882,0
TEST_01883,0
TEST_01884,0
TEST_01885,0
TEST_01886,0
TEST_01887,0
TEST_01888,0
TEST_01889,0
TEST_01890,0
TEST_01891,0
TEST_01892,0
TEST_01893,0
TEST_01894,0
TEST_01895,0
TEST_01896,0
TEST_01897,0
TEST_01898,0
TEST_01899,0
TEST_01900,0
TEST_01901,0
TEST_01902,0
TEST_01903,0
TEST_01904,0
TEST_01905,0
TEST_01906,0
TEST_01907,0
TEST_01908,0
TEST_01909,0
TEST_01910,0
TEST_01911,0
TEST_01912,0
TEST_01913,0
TEST_01914,0
TEST_01915,0
TEST_01916,0
TEST_01917,0
TEST_01918,0
TEST_01919,0
TEST_01920,0
TEST_01921,0
TEST_01922,0
TEST_01923,0
TEST_01924,0
TEST_01925,0
TEST_01926,0
TEST_01927,0
TEST_01928,0
TEST_01929,0
TEST_01930,0
TEST_01931,0
TEST_01932,0
TEST_01933,0
TEST_01934,0
TEST_01935,0
TEST_01936,0
TEST_01937,0
TEST_01938,0
TEST_01939,0
TEST_01940,0
TEST_01941,0
TEST_01942,0
TEST_01943,0
TEST_01944,0
TEST_01945,0
TEST_01946,0
TEST_01947,0
TEST_01948,0
TEST_01949,0
TEST_01950,0
TEST_01951,0
TEST_01952,0
TEST_01953,0
TEST_01954,0
TEST_01955,0
TEST_01956,0
TEST_01957,0
TEST_01958,0
TEST_01959,0
TEST_01960,0
TEST_01961,0
TEST_01962,0
TEST_01963,0
TEST_01964,0
TEST_01965,0
TEST_01966,0
TEST_01967,0
TEST_01968,0
TEST_01969,0
TEST_01970,0
TEST_01971,0
TEST_01972,0
TEST_01973,0
TEST_01974,0
TEST_01975,0
TEST_01976,0
TEST_01977,0
TEST_01978,0
TEST_01979,0
TEST_01980,0
TEST_01981,0
TEST_01982,0
TEST_01983,0
TEST_01984,0
TEST_01985,0
TEST_01986,0
TEST_01987,0
TEST_01988,0
TEST_01989,0
TEST_01990,0
TEST_01991,0
TEST_01992,0
TEST_01993,0
TEST_01994,0
TEST_01995,0
TEST_01996,0
TEST_01997,0
TEST_01998,0
TEST_01999,0
TEST_02000,0
TEST_02001,0
TEST_02002,0
TEST_02003,0
TEST_02004,0
TEST_02005,0
TEST_02006,0
TEST_02007,0
TEST_02008,0
TEST_02009,0
TEST_02010,0
TEST_02011,0
TEST_02012,0
TEST_02013,0
TEST_02014,0
TEST_02015,0
TEST_02016,0
TEST_02017,0
TEST_02018,0
TEST_02019,0
TEST_02020,0
TEST_02021,0
TEST_02022,0
TEST_02023,0
TEST_02024,0
TEST_02025,0
TEST_02026,0
TEST_02027,0
TEST_02028,0
TEST_02029,0
TEST_02030,0
TEST_02031,0
TEST_02032,0
TEST_02033,0
TEST_02034,0
TEST_02035,0
TEST_02036,0
TEST_02037,0
TEST_02038,0
TEST_02039,0
TEST_02040,0
TEST_02041,0
TEST_02042,0
TEST_02043,0
TEST_02044,0
TEST_02045,0
TEST_02046,0
TEST_02047,0
TEST_02048,0
TEST_02049,0
TEST_02050,0
TEST_02051,0
TEST_02052,0
TEST_02053,0
TEST_02054,0
TEST_02055,0
TEST_02056,0
TEST_02057,0
TEST_02058,0
TEST_02059,0
TEST_02060,0
TEST_02061,0
TEST_02062,0
TEST_02063,0
TEST_02064,0
TEST_02065,0
TEST_02066,0
TEST_02067,0
TEST_02068,0
TEST_02069,0
TEST_02070,0
TEST_02071,0
TEST_02072,0
TEST_02073,0
TEST_02074,0
TEST_02075,0
TEST_02076,0
TEST_02077,0
TEST_02078,0
TEST_02079,0
TEST_02080,0
TEST_02081,0
TEST_02082,0
TEST_02083,0
TEST_02084,0
TEST_02085,0
TEST_02086,0
TEST_02087,0
TEST_02088,0
TEST_02089,0
TEST_02090,0
TEST_02091,0
TEST_02092,0
TEST_02093,0
TEST_02094,0
TEST_02095,0
TEST_02096,0
TEST_02097,0
TEST_02098,0
TEST_02099,0
TEST_02100,0
TEST_02101,0
TEST_02102,0
TEST_02103,0
TEST_02104,0
TEST_02105,0
TEST_02106,0
TEST_02107,0
TEST_02108,0
TEST_02109,0
TEST_02110,0
TEST_02111,0
TEST_02112,0
TEST_02113,0
TEST_02114,0
TEST_02115,0
TEST_02116,0
TEST_02117,0
TEST_02118,0
TEST_02119,0
TEST_02120,0
TEST_02121,0
TEST_02122,0
TEST_02123,0
TEST_02124,0
TEST_02125,0
TEST_02126,0
TEST_02127,0
TEST_02128,0
TEST_02129,0
TEST_02130,0
TEST_02131,0
TEST_02132,0
TEST_02133,0
TEST_02134,0
TEST_02135,0
TEST_02136,0
TEST_02137,0
TEST_02138,0
TEST_02139,0
TEST_02140,0
TEST_02141,0
TEST_02142,0
TEST_02143,0
TEST_02144,0
TEST_02145,0
TEST_02146,0
TEST_02147,0
TEST_02148,0
TEST_02149,0
TEST_02150,0
TEST_02151,0
TEST_02152,0
TEST_02153,0
TEST_02154,0
TEST_02155,0
TEST_02156,0
TEST_02157,0
TEST_02158,0
TEST_02159,0
TEST_02160,0
TEST_02161,0
TEST_02162,0
TEST_02163,0
TEST_02164,0
TEST_02165,0
TEST_02166,0
TEST_02167,0
TEST_02168,0
TEST_02169,0
TEST_02170,0
TEST_02171,0
TEST_02172,0
TEST_02173,0
TEST_02174,0
TEST_02175,0
TEST_02176,0
TEST_02177,0
TEST_02178,0
TEST_02179,0
TEST_02180,0
TEST_02181,0
TEST_02182,0
TEST_02183,0
TEST_02184,0
TEST_02185,0
TEST_02186,0
TEST_02187,0
TEST_02188,0
TEST_02189,0
TEST_02190,0
TEST_02191,0
TEST_02192,0
TEST_02193,0
TEST_02194,0
TEST_02195,0
TEST_02196,0
TEST_02197,0
TEST_02198,0
TEST_02199,0
TEST_02200,0
TEST_02201,0
TEST_02202,0
TEST_02203,0
TEST_02204,0
TEST_02205,0
TEST_02206,0
TEST_02207,0
TEST_02208,0
TEST_02209,0
TEST_02210,0
TEST_02211,0
TEST_02212,0
TEST_02213,0
TEST_02214,0
TEST_02215,0
TEST_02216,0
TEST_02217,0
TEST_02218,0
TEST_02219,0
TEST_02220,0
TEST_02221,0
TEST_02222,0
TEST_02223,0
TEST_02224,0
TEST_02225,0
TEST_02226,0
TEST_02227,0
TEST_02228,0
TEST_02229,0
TEST_02230,0
TEST_02231,0
TEST_02232,0
TEST_02233,0
TEST_02234,0
TEST_02235,0
TEST_02236,0
TEST_02237,0
TEST_02238,0
TEST_02239,0
TEST_02240,0
TEST_02241,0
TEST_02242,0
TEST_02243,0
TEST_02244,0
TEST_02245,0
TEST_02246,0
TEST_02247,0
TEST_02248,0
TEST_02249,0
TEST_02250,0
TEST_02251,0
TEST_02252,0
TEST_02253,0
TEST_02254,0
TEST_02255,0
TEST_02256,0
TEST_02257,0
TEST_02258,0
TEST_02259,0
TEST_02260,0
TEST_02261,0
TEST_02262,0
TEST_02263,0
TEST_02264,0
TEST_02265,0
TEST_02266,0
TEST_02267,0
TEST_02268,0
TEST_02269,0
TEST_02270,0
TEST_02271,0
TEST_02272,0
TEST_02273,0
TEST_02274,0
TEST_02275,0
TEST_02276,0
TEST_02277,0
TEST_02278,0
TEST_02279,0
TEST_02280,0
TEST_02281,0
TEST_02282,0
TEST_02283,0
TEST_02284,0
TEST_02285,0
TEST_02286,0
TEST_02287,0
TEST_02288,0
TEST_02289,0
TEST_02290,0
TEST_02291,0
TEST_02292,0
TEST_02293,0
TEST_02294,0
TEST_02295,0
TEST_02296,0
TEST_02297,0
TEST_02298,0
TEST_02299,0
TEST_02300,0
TEST_02301,0
TEST_02302,0
TEST_02303,0
TEST_02304,0
TEST_02305,0
TEST_02306,0
TEST_02307,0
TEST_02308,0
TEST_02309,0
TEST_02310,0
TEST_02311,0
TEST_02312,0
TEST_02313,0
TEST_02314,0
TEST_02315,0
TEST_02316,0
TEST_02317,0
TEST_02318,0
TEST_02319,0
TEST_02320,0
TEST_02321,0
TEST_02322,0
TEST_02323,0
TEST_02324,0
TEST_02325,0
TEST_02326,0
TEST_02327,0
TEST_02328,0
TEST_02329,0
TEST_02330,0
TEST_02331,0
TEST_02332,0
TEST_02333,0
TEST_02334,0
TEST_02335,0
TEST_02336,0
TEST_02337,0
TEST_02338,0
TEST_02339,0
TEST_02340,0
TEST_02341,0
TEST_02342,0
TEST_02343,0
TEST_02344,0
TEST_02345,0
TEST_02346,0
TEST_02347,0
TEST_02348,0
TEST_02349,0
TEST_02350,0
TEST_02351,0
TEST_02352,0
TEST_02353,0
TEST_02354,0
TEST_02355,0
TEST_02356,0
TEST_02357,0
TEST_02358,0
TEST_02359,0
TEST_02360,0
TEST_02361,0
TEST_02362,0
TEST_02363,0
TEST_02364,0
TEST_02365,0
TEST_02366,0
TEST_02367,0
TEST_02368,0
TEST_02369,0
TEST_02370,0
TEST_02371,0
TEST_02372,0
TEST_02373,0
TEST_02374,0
TEST_02375,0
TEST_02376,0
TEST_02377,0
TEST_02378,0
TEST_02379,0
TEST_02380,0
TEST_02381,0
TEST_02382,0
TEST_02383,0
TEST_02384,0
TEST_02385,0
TEST_02386,0
TEST_02387,0
TEST_02388,0
TEST_02389,0
TEST_02390,0
TEST_02391,0
TEST_02392,0
TEST_02393,0
TEST_02394,0
TEST_02395,0
TEST_02396,0
TEST_02397,0
TEST_02398,0
TEST_02399,0
TEST_02400,0
TEST_02401,0
TEST_02402,0
TEST_02403,0
TEST_02404,0
TEST_02405,0
TEST_02406,0
TEST_02407,0
TEST_02408,0
TEST_02409,0
TEST_02410,0
TEST_02411,0
TEST_02412,0
TEST_02413,0
TEST_02414,0
TEST_02415,0
TEST_02416,0
TEST_02417,0
TEST_02418,0
TEST_02419,0
TEST_02420,0
TEST_02421,0
TEST_02422,0
TEST_02423,0
TEST_02424,0
TEST_02425,0
TEST_02426,0
TEST_02427,0
TEST_02428,0
TEST_02429,0
TEST_02430,0
TEST_02431,0
TEST_02432,0
TEST_02433,0
TEST_02434,0
TEST_02435,0
TEST_02436,0
TEST_02437,0
TEST_02438,0
TEST_02439,0
TEST_02440,0
TEST_02441,0
TEST_02442,0
TEST_02443,0
TEST_02444,0
TEST_02445,0
TEST_02446,0
TEST_02447,0
TEST_02448,0
TEST_02449,0
TEST_02450,0
TEST_02451,0
TEST_02452,0
TEST_02453,0
TEST_02454,0
TEST_02455,0
TEST_02456,0
TEST_02457,0
TEST_02458,0
TEST_02459,0
TEST_02460,0
TEST_02461,0
TEST_02462,0
TEST_02463,0
TEST_02464,0
TEST_02465,0
TEST_02466,0
TEST_02467,0
TEST_02468,0
TEST_02469,0
TEST_02470,0
TEST_02471,0
TEST_02472,0
TEST_02473,0
TEST_02474,0
TEST_02475,0
TEST_02476,0
TEST_02477,0
TEST_02478,0
TEST_02479,0
TEST_02480,0
TEST_02481,0
TEST_02482,0
TEST_02483,0
TEST_02484,0
TEST_02485,0
TEST_02486,0
TEST_02487,0
TEST_02488,0
TEST_02489,0
TEST_02490,0
TEST_02491,0
TEST_02492,0
TEST_02493,0
TEST_02494,0
TEST_02495,0
TEST_02496,0
TEST_02497,0
TEST_02498,0
TEST_02499,0
TEST_02500,0
TEST_02501,0
TEST_02502,0
TEST_02503,0
TEST_02504,0
TEST_02505,0
TEST_02506,0
TEST_02507,0
TEST_02508,0
TEST_02509,0
TEST_02510,0
TEST_02511,0
TEST_02512,0
TEST_02513,0
TEST_02514,0
TEST_02515,0
TEST_02516,0
TEST_02517,0
TEST_02518,0
TEST_02519,0
TEST_02520,0
TEST_02521,0
TEST_02522,0
TEST_02523,0
TEST_02524,0
TEST_02525,0
TEST_02526,0
TEST_02527,0
TEST_02528,0
TEST_02529,0
TEST_02530,0
TEST_02531,0
TEST_02532,0
TEST_02533,0
TEST_02534,0
TEST_02535,0
TEST_02536,0
TEST_02537,0
TEST_02538,0
TEST_02539,0
TEST_02540,0
TEST_02541,0
TEST_02542,0
TEST_02543,0
TEST_02544,0
TEST_02545,0
TEST_02546,0
TEST_02547,0
TEST_02548,0
TEST_02549,0
TEST_02550,0
TEST_02551,0
TEST_02552,0
TEST_02553,0
TEST_02554,0
TEST_02555,0
TEST_02556,0
TEST_02557,0
TEST_02558,0
TEST_02559,0
TEST_02560,0
TEST_02561,0
TEST_02562,0
TEST_02563,0
TEST_02564,0
TEST_02565,0
TEST_02566,0
TEST_02567,0
TEST_02568,0
TEST_02569,0
TEST_02570,0
TEST_02571,0
TEST_02572,0
TEST_02573,0
TEST_02574,0
TEST_02575,0
TEST_02576,0
TEST_02577,0
TEST_02578,0
TEST_02579,0
TEST_02580,0
TEST_02581,0
TEST_02582,0
TEST_02583,0
TEST_02584,0
TEST_02585,0
TEST_02586,0
TEST_02587,0
TEST_02588,0
TEST_02589,0
TEST_02590,0
TEST_02591,0
TEST_02592,0
TEST_02593,0
TEST_02594,0
TEST_02595,0
TEST_02596,0
TEST_02597,0
TEST_02598,0
TEST_02599,0
TEST_02600,0
TEST_02601,0
TEST_02602,0
TEST_02603,0
TEST_02604,0
TEST_02605,0
TEST_02606,0
TEST_02607,0
TEST_02608,0
TEST_02609,0
TEST_02610,0
TEST_02611,0
TEST_02612,0
TEST_02613,0
TEST_02614,0
TEST_02615,0
TEST_02616,0
TEST_02617,0
TEST_02618,0
TEST_02619,0
TEST_02620,0
TEST_02621,0
TEST_02622,0
TEST_02623,0
TEST_02624,0
TEST_02625,0
TEST_02626,0
TEST_02627,0
TEST_02628,0
TEST_02629,0
TEST_02630,0
TEST_02631,0
TEST_02632,0
TEST_02633,0
TEST_02634,0
TEST_02635,0
TEST_02636,0
TEST_02637,0
TEST_02638,0
TEST_02639,0
TEST_02640,0
TEST_02641,0
TEST_02642,0
TEST_02643,0
TEST_02644,0
TEST_02645,0
TEST_02646,0
TEST_02647,0
TEST_02648,0
TEST_02649,0
TEST_02650,0
TEST_02651,0
TEST_02652,0
TEST_02653,0
TEST_02654,0
TEST_02655,0
TEST_02656,0
TEST_02657,0
TEST_02658,0
TEST_02659,0
TEST_02660,0
TEST_02661,0
TEST_02662,0
TEST_02663,0
TEST_02664,0
TEST_02665,0
TEST_02666,0
TEST_02667,0
TEST_02668,0
TEST_02669,0
TEST_02670,0
TEST_02671,0
TEST_02672,0
TEST_02673,0
TEST_02674,0
TEST_02675,0
TEST_02676,0
TEST_02677,0
TEST_02678,0
TEST_02679,0
TEST_02680,0
TEST_02681,0
TEST_02682,0
TEST_02683,0
TEST_02684,0
TEST_02685,0
TEST_02686,0
TEST_02687,0
TEST_02688,0
TEST_02689,0
TEST_02690,0
TEST_02691,0
TEST_02692,0
TEST_02693,0
TEST_02694,0
TEST_02695,0
TEST_02696,0
TEST_02697,0
TEST_02698,0
TEST_02699,0
TEST_02700,0
TEST_02701,0
TEST_02702,0
TEST_02703,0
TEST_02704,0
TEST_02705,0
TEST_02706,0
TEST_02707,0
TEST_02708,0
TEST_02709,0
TEST_02710,0
TEST_02711,0
TEST_02712,0
TEST_02713,0
TEST_02714,0
TEST_02715,0
TEST_02716,0
TEST_02717,0
TEST_02718,0
TEST_02719,0
TEST_02720,0
TEST_02721,0
TEST_02722,0
TEST_02723,0
TEST_02724,0
TEST_02725,0
TEST_02726,0
TEST_02727,0
TEST_02728,0
TEST_02729,0
TEST_02730,0
TEST_02731,0
TEST_02732,0
TEST_02733,0
TEST_02734,0
TEST_02735,0
TEST_02736,0
TEST_02737,0
TEST_02738,0
TEST_02739,0
TEST_02740,0
TEST_02741,0
TEST_02742,0
TEST_02743,0
TEST_02744,0
TEST_02745,0
TEST_02746,0
TEST_02747,0
TEST_02748,0
TEST_02749,0
TEST_02750,0
TEST_02751,0
TEST_02752,0
TEST_02753,0
TEST_02754,0
TEST_02755,0
TEST_02756,0
TEST_02757,0
TEST_02758,0
TEST_02759,0
TEST_02760,0
TEST_02761,0
TEST_02762,0
TEST_02763,0
TEST_02764,0
TEST_02765,0
TEST_02766,0
TEST_02767,0
TEST_02768,0
TEST_02769,0
TEST_02770,0
TEST_02771,0
TEST_02772,0
TEST_02773,0
TEST_02774,0
TEST_02775,0
TEST_02776,0
TEST_02777,0
TEST_02778,0
TEST_02779,0
TEST_02780,0
TEST_02781,0
TEST_02782,0
TEST_02783,0
TEST_02784,0
TEST_02785,0
TEST_02786,0
TEST_02787,0
TEST_02788,0
TEST_02789,0
TEST_02790,0
TEST_02791,0
TEST_02792,0
TEST_02793,0
TEST_02794,0
TEST_02795,0
TEST_02796,0
TEST_02797,0
TEST_02798,0
TEST_02799,0
TEST_02800,0
TEST_02801,0
TEST_02802,0
TEST_02803,0
TEST_02804,0
TEST_02805,0
TEST_02806,0
TEST_02807,0
TEST_02808,0
TEST_02809,0
TEST_02810,0
TEST_02811,0
TEST_02812,0
TEST_02813,0
TEST_02814,0
TEST_02815,0
TEST_02816,0
TEST_02817,0
TEST_02818,0
